cluster,rank,gene,log2fc,score,pvals_adj
0,1,CD8A,4.799563407897949,41.273170471191406,0.0
0,2,NKG7,4.321926593780518,37.82742691040039,0.0
0,3,KLRK1,4.124749660491943,36.82039260864258,6.877993007711835e-293
0,4,CCL5,1.2510161399841309,35.70677185058594,1.8380345524707014e-275
0,5,CST7,3.6003239154815674,34.488807678222656,5.593142665245243e-257
0,6,CD8B,4.550692081451416,34.209999084472656,6.779313532105923e-253
0,7,LYST,2.121694326400757,32.74483108520508,1.2171693339972966e-231
0,8,PRF1,3.742969512939453,32.574310302734375,2.8073876151600443e-229
0,9,CCL4,3.7028255462646484,31.091876983642578,8.163305943907212e-209
0,10,CBLB,2.253101110458374,30.997650146484375,1.3735338740265297e-207
0,11,CCL4L2,3.8255820274353027,30.69602394104004,1.2696068445042981e-203
0,12,CCL4L1,3.8255820274353027,30.69602394104004,1.2696068445042981e-203
0,13,CD2,2.723479747772217,30.64451026916504,5.699066290154113e-203
0,14,HAVCR2,2.2580277919769287,30.64017105102539,6.045113302883918e-203
0,15,TIGIT,3.3408491611480713,30.476755142211914,8.366004074330363e-201
0,16,TOX,3.3545243740081787,30.34757423400879,4.0044329279148074e-199
0,17,PDCD1,3.867389440536499,30.29799461364746,1.6975567206257345e-198
0,18,GZMK,3.7169013023376465,30.27102279663086,3.5974477776015764e-198
0,19,TNFRSF9,1.9493683576583862,30.269554138183594,3.5974477776015764e-198
0,20,CD27,2.903301477432251,29.165313720703125,6.328119345248052e-184
0,21,ITM2A,2.7976419925689697,29.074888229370117,8.414310891991124e-183
0,22,PRKCH,2.53497052192688,29.05533218383789,1.4188631761135913e-182
0,23,IL32,2.4723894596099854,28.49494743347168,1.3936283451601346e-175
0,24,GZMA,3.4873528480529785,28.09349822998047,1.160953675271967e-170
0,25,CD3D,2.5622754096984863,27.48216438293457,2.7181155241339227e-163
0,26,CD3E,2.3500003814697266,27.441146850585938,8.073529930566418e-163
0,27,SRGN,1.9155076742172241,26.843036651611328,8.923534047669473e-156
0,28,SIRPG,3.121019124984741,26.640653610229492,1.9430207823098498e-153
0,29,IL2RB,2.7447550296783447,26.573102951049805,1.134755845724839e-152
0,30,CTSW,3.450673818588257,25.94696044921875,1.5538062671057211e-145
0,31,CD3G,1.7882969379425049,25.89546012878418,5.725037778902472e-145
0,32,CD7,2.6091039180755615,25.596773147583008,1.2267577935492027e-141
0,33,SLA,2.2569854259490967,25.574703216552734,2.0941099649943015e-141
0,34,LAG3,4.0712890625,25.431364059448242,7.907988078263226e-140
0,35,IKZF3,1.104367733001709,25.258127212524414,6.241078743395652e-138
0,36,GBP5,2.077242612838745,25.15437889099121,8.328101714330184e-137
0,37,RGS1,1.8673120737075806,25.04205322265625,1.3643860576543182e-135
0,38,DTHD1,3.6559231281280518,24.737924575805664,2.6069675775046376e-132
0,39,FCRL3,3.017871856689453,24.4029541015625,9.664227227578655e-129
0,40,TTN,2.0006349086761475,24.380403518676758,1.6347344275393416e-128
0,41,TNFRSF1B,2.0187625885009766,24.300065994262695,1.130805109735643e-127
0,42,PYHIN1,2.5906248092651367,24.289583206176758,1.424702491931923e-127
0,43,HLA-H,0.7033637166023254,23.938716888427734,6.6726569249198285e-124
0,44,CLEC2D,1.567691445350647,23.82366371154785,1.0225040488874108e-122
0,45,CD84,1.2551357746124268,23.773406982421875,3.313245132872599e-122
0,46,CXCL13,4.967365741729736,23.64236068725586,7.284241567218347e-121
0,47,IL2RG,1.9227826595306396,23.534923553466797,9.029136030939041e-120
0,48,ID2,2.023602247238159,23.192180633544922,2.6948715457820756e-116
0,49,DENND2D,2.0443036556243896,23.079233169555664,3.6187531481906855e-115
0,50,DUSP2,2.2431094646453857,23.068099975585938,4.587348897860362e-115
1,1,IL7R,3.8959357738494873,32.10319519042969,9.42455337018227e-222
1,2,RPS3,0.5384564399719238,26.732086181640625,2.362883314040002e-153
1,3,RPS12,0.5805582404136658,26.705978393554688,3.1675662998723443e-153
1,4,RPL13,0.577893078327179,26.48668670654297,8.17182666156912e-151
1,5,TPT1,0.5180515646934509,26.47418212890625,9.10780767975217e-151
1,6,RPS3A,0.5213389992713928,26.278390884399414,1.337387353965012e-148
1,7,RPL3,0.48864856362342834,26.03965187072754,5.963621178018863e-146
1,8,RPS6,0.5562065243721008,25.93453025817871,8.047856875468372e-145
1,9,EEF1A1,0.4624551236629486,25.91058921813965,1.331813534259264e-144
1,10,RPL10,0.5203773379325867,25.72243309020996,1.4317391669478363e-142
1,11,TCF7,2.694053888320923,25.721914291381836,1.4317391669478363e-142
1,12,RPL30,0.5373190641403198,25.6372127532959,1.1591172572953799e-141
1,13,RPS27A,0.5355984568595886,25.558073043823242,8.137574067904714e-141
1,14,RPL9,0.5114961266517639,25.468456268310547,7.4613430474460845e-140
1,15,RPL32,0.5854885578155518,25.462486267089844,8.109095493407864e-140
1,16,RPLP2,0.5247604250907898,25.41206169128418,2.7469805100444984e-139
1,17,RPL11,0.5221362113952637,25.369491577148438,7.632697246271876e-139
1,18,RPS4X,0.5094683170318604,25.230785369873047,2.4226928652505357e-137
1,19,RPL5,0.5008998513221741,25.089061737060547,8.162731974271072e-136
1,20,RPL4,0.5035001039505005,24.886688232421875,1.228129790074342e-133
1,21,RPS20,0.5460546016693115,24.812841415405273,7.35015792587169e-133
1,22,RPL34,0.5936185121536255,24.7415714263916,4.113818848276681e-132
1,23,RPL28,0.6272492408752441,24.73077964782715,5.141180310565978e-132
1,24,RPS14,0.478487491607666,24.706275939941406,9.038095592612113e-132
1,25,RPS29,0.6280514001846313,24.667051315307617,2.2886065605696704e-131
1,26,RPS25,0.5241073369979858,24.664804458618164,2.3261649364954863e-131
1,27,RPL19,0.4477790296077728,24.53814697265625,5.07846363587835e-130
1,28,RPS16,0.5508562922477722,24.317535400390625,1.0821465281852252e-127
1,29,RPS28,0.5329005718231201,24.24565315246582,6.002806155334564e-127
1,30,PABPC1,0.5782918334007263,24.177242279052734,3.0492115788764226e-126
1,31,RPS27,0.48949432373046875,24.164989471435547,3.969974913703268e-126
1,32,RPL41,0.44846582412719727,24.139854431152344,7.064546274905393e-126
1,33,RPL18A,0.5106059908866882,24.12518310546875,9.766820577441231e-126
1,34,RPL27A,0.5855149030685425,24.092180252075195,2.1034815055321148e-125
1,35,RPL17,0.4775821566581726,23.944581985473633,7.122132148954403e-124
1,36,RPL39,0.5405697822570801,23.890026092529297,2.558841831131468e-123
1,37,RPS8,0.4719356894493103,23.715864181518555,1.583794679159466e-121
1,38,RPL7,0.46853354573249817,23.646055221557617,8.078740373058018e-121
1,39,RPL23A,0.44819456338882446,23.509674072265625,1.9557612875637706e-119
1,40,RPS13,0.4948417544364929,23.50896644592285,1.9557612875637706e-119
1,41,RPS15A,0.494399756193161,23.479135513305664,3.8504645841545434e-119
1,42,RPS23,0.5818605422973633,23.43893814086914,9.667950720782326e-119
1,43,RPS18,0.45492029190063477,23.432748794555664,1.0920019143391909e-118
1,44,LOC643406,0.6063959002494812,23.382104873657227,3.499555092473606e-118
1,45,RPL35A,0.5431883335113525,23.313880920410156,1.6876636039680847e-117
1,46,RPL31,0.4482099115848541,23.311620712280273,1.7405430263772152e-117
1,47,RPS19,0.5352902412414551,23.306137084960938,1.9361693699100855e-117
1,48,EEF1G,0.520995020866394,23.15775489807129,5.993463044648753e-116
1,49,UGDH-AS1,0.4987320303916931,23.134929656982422,9.96758138496308e-116
1,50,TMEM66,0.8594706654548645,23.10214614868164,2.0873116058168104e-115
2,1,MS4A1,6.071875095367432,37.264915466308594,1.4393779733945119e-299
2,2,HLA-DRA,3.588012218475342,35.866432189941406,1.207826846404942e-277
2,3,CD79A,5.792472839355469,35.505821228027344,3.1563487623089476e-272
2,4,CD74,1.9627735614776611,34.45635223388672,2.1420940094025974e-256
2,5,HLA-DPA1,2.8526742458343506,33.81642532348633,5.359715496828985e-247
2,6,BANK1,6.336790084838867,33.59809112548828,7.06252379820612e-244
2,7,IRF8,4.45725679397583,32.65666580200195,2.1807719167733616e-230
2,8,HLA-DRB1,2.8531060218811035,32.61208724975586,8.185414376717613e-230
2,9,BCL11A,5.719906806945801,32.59038162231445,1.4774512658326544e-229
2,10,HLA-DPB1,2.7457852363586426,32.426414489746094,2.759750465427598e-227
2,11,HLA-DQB1,3.575042724609375,31.812097549438477,9.483969380334011e-219
2,12,CD37,2.563567638397217,31.683361053466797,5.199429291543549e-217
2,13,HLA-DRB5,2.8758649826049805,30.50581932067871,3.8491740818918586e-201
2,14,HLA-DQA1,3.516728639602661,30.50444984436035,3.8491740818918586e-201
2,15,CD79B,4.570803165435791,30.400428771972656,8.562197140122185e-200
2,16,CD19,6.315990924835205,29.1995906829834,2.9056937739339565e-184
2,17,HLA-DRB6,2.781324625015259,28.30535125732422,4.137998181192904e-173
2,18,CD22,5.68887996673584,27.88348960876465,5.568275693012404e-168
2,19,NCF1,4.2834038734436035,27.82408332824707,2.7655798835030376e-167
2,20,FGD2,3.827666759490967,27.313533782958984,3.4699823779900655e-161
2,21,"non-malignant cell type (1=T,2=B,3=Macro.4=Endo.,5=CAF;6=NK)",1.5999330282211304,27.058969497680664,3.379062761177759e-158
2,22,CIITA,3.3023855686187744,26.801023483276367,3.3849904429959335e-155
2,23,FCRL1,4.702642917633057,26.380041122436523,2.3915248397345405e-150
2,24,ADAM28,4.365293025970459,26.045461654663086,1.4947933517266567e-146
2,25,NAPSB,5.323644638061523,25.808055877685547,6.822848459431513e-144
2,26,NCF1C,4.532741069793701,25.7238826751709,5.75763600093538e-143
2,27,HLA-DMB,3.703216552734375,25.134401321411133,1.836403338160476e-136
2,28,IGLL5,4.737495422363281,24.83540916442871,3.145313346902553e-133
2,29,TCF4,3.7466180324554443,24.764541625976562,1.7658233703568915e-132
2,30,HLA-DQA2,3.290473461151123,24.72028350830078,5.111891794548871e-132
2,31,LOC283663,2.5552337169647217,24.464027404785156,2.7272006902593964e-129
2,32,PAX5,5.935283660888672,24.351673126220703,4.1200472547769723e-128
2,33,LAPTM5,1.6974977254867554,24.260517120361328,3.676156300768185e-127
2,34,ORAI2,0.8438522219657898,23.929641723632812,1.0190451101875186e-123
2,35,MEF2C,3.3627517223358154,23.86113929748535,5.1060285297794104e-123
2,36,WDFY4,4.971529960632324,23.61267852783203,1.828341124259838e-120
2,37,HLA-DQB2,3.469689130783081,23.571142196655273,4.751373849696282e-120
2,38,FAIM3,1.9247937202453613,23.24168586730957,1.0486820586829957e-116
2,39,CD83,3.4705045223236084,23.113100051879883,2.0246575487726974e-115
2,40,HLA-DMA,2.618893623352051,23.06671142578125,5.7766648993033925e-115
2,41,SYK,3.3090083599090576,23.02918243408203,1.3414694285077435e-114
2,42,HVCN1,4.362015247344971,23.004701614379883,2.3041999450530404e-114
2,43,AFF3,2.2193222045898438,22.708921432495117,1.9689044697968742e-111
2,44,CD52,1.9166903495788574,22.566085815429688,4.9142645548585156e-110
2,45,BLK,5.628967761993408,22.497957229614258,2.2382335924067084e-109
2,46,POU2F2,3.446549415588379,22.403268814086914,1.8433903162713605e-108
2,47,RPS8,0.4928578734397888,22.39951515197754,1.963627056266926e-108
2,48,POU2AF1,2.1521174907684326,22.360023498535156,4.663386779594829e-108
2,49,ADAM19,2.7374892234802246,22.30271339416504,1.6476018241321055e-107
2,50,RPS5,0.6445443630218506,22.239757537841797,6.582744842087606e-107
3,1,MIA,4.42390775680542,34.9307861328125,6.006009834952803e-263
3,2,SERPINE2,3.7447612285614014,34.55955505371094,1.2131965746040603e-257
3,3,APOD,3.992380380630493,34.28856658935547,9.174886656680978e-254
3,4,MFGE8,3.735368251800537,34.16728591918945,4.38565111090089e-252
3,5,A2M,3.6684513092041016,34.140811920166016,8.671706376508728e-252
3,6,NSG1,4.386647701263428,34.04762649536133,1.7374851166468347e-250
3,7,TYR,3.954332113265991,33.71685028076172,1.1079389669317664e-245
3,8,APOC2,5.996944427490234,33.710113525390625,1.2168817241011175e-245
3,9,CDH19,4.145791530609131,33.066871643066406,2.3429688792072103e-236
3,10,SLC26A2,3.1054911613464355,32.66548156738281,1.1443445819771783e-230
3,11,S100B,3.525437355041504,32.617794036865234,4.940953035015656e-230
3,12,CSPG4,3.8713676929473877,32.573707580566406,1.9087196624949946e-229
3,13,CAPN3,3.6633613109588623,32.19284439086914,4.0499514608266906e-224
3,14,APOE,3.890136957168579,32.18318176269531,5.134451228920323e-224
3,15,PRAME,3.6195900440216064,32.03107452392578,6.361612229339146e-222
3,16,SERPINA3,4.950829982757568,31.983016967773438,2.781045478278428e-221
3,17,XAGE1A,4.897435665130615,31.971588134765625,3.7734629452953317e-221
3,18,GSN,3.1664719581604004,31.965946197509766,4.2691896887392977e-221
3,19,XAGE1D,4.902661323547363,31.929210662841797,1.2823069694166252e-220
3,20,XAGE1B,4.9001264572143555,31.928258895874023,1.2823069694166252e-220
3,21,XAGE1E,4.903079986572266,31.92384910583496,1.4060268379687818e-220
3,22,XAGE1C,4.896332740783691,31.917287826538086,1.655109312292629e-220
3,23,S100A13,3.457509756088257,31.86455726623535,8.522383097134946e-220
3,24,TIMP2,3.435000419616699,31.815460205078125,3.9054102697503265e-219
3,25,IFI27,3.98555326461792,31.668291091918945,4.024668944294337e-217
3,26,CD59,2.714148759841919,31.19173812866211,1.2564331224886868e-210
3,27,SGK1,3.1218364238739014,31.01093864440918,3.3680082224734363e-208
3,28,LOC100126784,4.252561092376709,30.61801528930664,5.962383640607884e-203
3,29,ITGA3,4.578860759735107,30.4388370513916,1.3750900949359264e-200
3,30,VAT1,2.8416080474853516,30.43125343322754,1.6747530773399626e-200
3,31,TMEM255A,5.458403587341309,30.134233474731445,1.3190453390475114e-196
3,32,LGALS3,2.7712278366088867,30.115680694580078,2.235968586297282e-196
3,33,ATP1A1,2.3402388095855713,30.008102416992188,5.5227535817432775e-195
3,34,TMEM98,3.9513845443725586,29.97441864013672,1.4737194279242674e-194
3,35,PMEL,3.3347301483154297,29.933998107910156,4.811105731769167e-194
3,36,TM4SF1,4.280479431152344,29.875022888183594,2.733872273698553e-193
3,37,CTSB,1.2251123189926147,29.863948822021484,3.704324079793393e-193
3,38,DAAM2,4.226792812347412,29.8630313873291,3.7070991801531857e-193
3,39,TIMP1,2.963099479675293,29.678508758544922,8.834414714480901e-191
3,40,MT2A,2.5290777683258057,29.645618438720703,2.28750079353026e-190
3,41,NAV2,3.373534679412842,29.618284225463867,5.021286590435698e-190
3,42,PYGB,3.0561442375183105,29.578550338745117,1.591031510271083e-189
3,43,TIMP3,3.202474594116211,29.447181701660156,7.536517774883835e-188
3,44,GPNMB,3.193939208984375,29.41444969177246,1.9321234835628493e-187
3,45,SDC3,3.3666563034057617,29.25068473815918,2.2182270432041022e-185
3,46,LGALS3BP,2.9020934104919434,29.217811584472656,5.684775391376903e-185
3,47,EMP1,3.654914379119873,28.902097702026367,5.323349675497406e-181
3,48,MYO1D,3.9911420345306396,28.758861541748047,3.259840548583051e-179
3,49,MCAM,2.89788818359375,28.51296615600586,3.685772020230302e-176
3,50,CTSL1,3.151552200317383,28.492826461791992,6.424916290082259e-176
4,1,CCL5,1.166048288345337,24.544832229614258,1.1633404936945748e-128
4,2,NKG7,3.1803183555603027,22.535144805908203,2.2246999012810785e-108
4,3,GZMA,3.1981911659240723,21.252613067626953,2.4621956448295444e-96
4,4,CST7,2.5939064025878906,19.248554229736328,8.596534667273627e-79
4,5,KLRK1,2.7295327186584473,18.727331161499023,1.4043314763090179e-74
4,6,KLRD1,1.060142159461975,18.620267868041992,8.690446769531353e-74
4,7,CCL4,2.762798309326172,18.130046844482422,6.24728356631756e-70
4,8,PRF1,2.5953221321105957,17.69509506225586,1.3546105648135057e-66
4,9,CTSW,2.8845605850219727,17.636737823486328,3.3869332263435377e-66
4,10,AOAH,3.0386054515838623,17.480249404907227,4.799704054412381e-65
4,11,CD96,1.6844890117645264,16.75910758972168,1.0463162536083178e-59
4,12,ITGAL,1.6130590438842773,16.61937141418457,9.96086941140699e-59
4,13,SPN,0.8786348104476929,16.61149024963379,1.0486106474909317e-58
4,14,CORO1A,1.5128443241119385,16.036937713623047,1.1937096503234179e-54
4,15,SLAMF7,1.64202880859375,15.871052742004395,1.5877869475174333e-53
4,16,PTPRC,1.3790948390960693,15.860978126525879,1.7476808345879272e-53
4,17,LCP1,1.4702503681182861,15.70039176940918,2.094526545514053e-52
4,18,RNF213,0.857525110244751,15.572770118713379,1.4670503231245958e-51
4,19,IL32,1.7125242948532104,15.182992935180664,5.7150609525719125e-49
4,20,HLA-C,0.504885733127594,15.097225189208984,2.0004455245881852e-48
4,21,GZMK,2.381913900375366,14.938036918640137,2.0411263935329022e-47
4,22,SAMD3,3.3167366981506348,14.936911582946777,2.0411263935329022e-47
4,23,IRF1,0.7354892492294312,14.915905952453613,2.675067761592249e-47
4,24,IFITM1,1.2756747007369995,14.835341453552246,8.544022763075062e-47
4,25,AKNA,1.3466107845306396,14.67064094543457,9.418958358527187e-46
4,26,CCL4L2,2.1996889114379883,14.599665641784668,2.4761539227759796e-45
4,27,CCL4L1,2.1996889114379883,14.599665641784668,2.4761539227759796e-45
4,28,IKZF3,0.8934111595153809,14.492932319641113,1.1361003585306269e-44
4,29,GZMH,3.4545845985412598,14.399011611938477,4.2876087175073385e-44
4,30,TMSB4X,1.0342296361923218,14.11464786529541,2.4364465430324976e-42
4,31,ACTB,0.3458896577358246,14.07729721069336,3.8772391909189444e-42
4,32,PARP8,1.7901026010513306,14.022706985473633,8.12694848809946e-42
4,33,HLA-B,0.47715580463409424,13.992888450622559,1.2002718700568593e-41
4,34,CD2,1.6961286067962646,13.925020217895508,3.021477088284455e-41
4,35,MYL12A,0.6117464303970337,13.8698091506958,6.352179981789652e-41
4,36,PFN1,0.4428624212741852,13.840009689331055,9.359512798177613e-41
4,37,L2HGDH,0.5585883855819702,13.81265640258789,1.3328129307034747e-40
4,38,SRGN,1.403993844985962,13.77876091003418,2.042362564615419e-40
4,39,RNF125,0.7510992884635925,13.778179168701172,2.042362564615419e-40
4,40,ITGB2,1.5170748233795166,13.751039505004883,2.9006416805744728e-40
4,41,PDDC1,0.5199356079101562,13.715590476989746,4.619162372801932e-40
4,42,ARHGDIB,1.2680813074111938,13.702370643615723,5.413386776821173e-40
4,43,HLA-E,0.49822232127189636,13.619515419006348,1.650675302733653e-39
4,44,CYP20A1,0.5477548241615295,13.445204734802246,1.6916893294415024e-38
4,45,CALM1,0.5110656023025513,13.431809425354004,1.9842029918943458e-38
4,46,HLA-A,0.3987073600292206,13.420899391174316,2.2511740359612076e-38
4,47,ZNF793,0.6241727471351624,13.409600257873535,2.5682823492499243e-38
4,48,B2M,0.4070279002189636,13.407232284545898,2.598581996081516e-38
4,49,GK5,0.7611698508262634,13.374229431152344,3.973021769685335e-38
4,50,ATCAY,0.67715984582901,13.337247848510742,6.403024741197604e-38
5,1,FXYD3,3.4631729125976562,23.149137496948242,3.513383109335249e-114
5,2,SPARC,2.6263809204101562,21.36737823486328,4.898341829731387e-98
5,3,CNN3,2.6516058444976807,21.199710845947266,1.5174628616966734e-96
5,4,GPNMB,2.740325450897217,20.967039108276367,1.7263824642413756e-94
5,5,PIR,3.164367914199829,20.89874839782715,6.853303798045833e-94
5,6,DCBLD2,2.985736846923828,20.734909057617188,1.8925585849342077e-92
5,7,SNCA,2.5951061248779297,20.436569213867188,6.462155946201145e-90
5,8,PLP1,2.7500064373016357,20.42570686340332,7.551267740595376e-90
5,9,CTTN,2.387871265411377,20.406604766845703,1.0814367831295324e-89
5,10,EDNRB,2.763693332672119,20.4040470123291,1.1050249068240476e-89
5,11,DST,2.337024688720703,20.201879501342773,5.724359413787617e-88
5,12,LZTS1,2.5507009029388428,20.1987361907959,5.947887403587671e-88
5,13,LGALS3BP,2.493241310119629,20.18046760559082,8.398811629212838e-88
5,14,LMNA,2.2756850719451904,19.778215408325195,2.263508470450099e-84
5,15,MYO10,1.9137035608291626,19.710464477539062,8.30768844221645e-84
5,16,TFAP2A,2.5823633670806885,19.58963394165039,8.471955086515725e-83
5,17,GPM6B,2.6569197177886963,19.552492141723633,1.7233565495218768e-82
5,18,CHCHD6,2.6744189262390137,19.540800094604492,2.127816707260137e-82
5,19,PAX3,2.8169496059417725,19.419761657714844,2.145642261704944e-81
5,20,TYR,2.8415448665618896,19.398557662963867,3.18662881476828e-81
5,21,ST3GAL4,2.5915613174438477,19.242000579833984,6.097104291623335e-80
5,22,HMCN1,2.7607805728912354,19.149906158447266,3.4282031899818815e-79
5,23,MITF,2.538815498352051,19.133968353271484,4.52016013683821e-79
5,24,ERBB3,2.139953851699829,19.12710189819336,5.082869573408668e-79
5,25,ETV5,2.3138411045074463,19.116884231567383,6.09570047093551e-79
5,26,S100B,2.6756927967071533,19.032800674438477,2.9208696126601373e-78
5,27,GNG12,2.400813102722168,18.999799728393555,5.336098693212056e-78
5,28,PHGDH,3.5213027000427246,18.840206146240234,1.0340981086027782e-76
5,29,SERPINE2,2.6035053730010986,18.716026306152344,1.0335718796950146e-75
5,30,TIMP2,2.198930263519287,18.683502197265625,1.8796320566955958e-75
5,31,AP1S2,2.0937206745147705,18.604164123535156,7.913073021843101e-75
5,32,CLIC4,2.305936098098755,18.583396911621094,1.152562128865288e-74
5,33,SLC6A15,2.9661784172058105,18.565420150756836,1.593331541325371e-74
5,34,HPGD,3.659348487854004,18.329586029052734,1.1616091330891658e-72
5,35,MLANA,1.4399898052215576,18.30559539794922,1.7689160453276427e-72
5,36,CALU,1.8613375425338745,18.293733596801758,2.1559883998030956e-72
5,37,PCDH7,3.11354923248291,18.24161148071289,5.391310164373068e-72
5,38,ANKRD28,2.440422296524048,18.122882843017578,4.612418980849893e-71
5,39,STXBP1,2.417076587677002,18.106569290161133,6.090971442416401e-71
5,40,NME1,2.256286382675171,18.099328994750977,6.8842757161268575e-71
5,41,SORT1,2.230065107345581,18.034908294677734,2.1732721723573812e-70
5,42,PYCR1,2.847567319869995,18.03174591064453,2.2810429616133826e-70
5,43,AEBP1,2.267253875732422,18.002323150634766,3.8482547734789483e-70
5,44,LSAMP,2.7126705646514893,17.983179092407227,5.343449154043761e-70
5,45,ATP6V1B2,2.0878989696502686,17.958377838134766,8.285082696110765e-70
5,46,SOX10,2.2610645294189453,17.888671875,2.8292212308447957e-69
5,47,CD59,1.9679838418960571,17.859416961669922,4.741306872202284e-69
5,48,MLPH,2.3541975021362305,17.84842872619629,5.725398232843399e-69
5,49,PRDX4,2.248838424682617,17.824750900268555,8.675377015113613e-69
5,50,LTBR,2.3388516902923584,17.778953552246094,1.9342948489340467e-68
6,1,CD4,3.3238766193389893,20.07264518737793,3.0323951042113655e-85
6,2,SPOCK2,2.4427759647369385,18.628019332885742,2.255673923719901e-73
6,3,IL32,2.076275587081909,17.421382904052734,4.484195700761521e-64
6,4,CD3D,2.2860381603240967,17.262100219726562,5.374474834881136e-63
6,5,FYB,1.6370015144348145,16.727386474609375,3.9225445027486255e-59
6,6,CD28,2.3619141578674316,16.68454933166504,6.703370432483818e-59
6,7,CD2,2.161116600036621,16.655906677246094,9.278003167388858e-59
6,8,MAF,2.53242564201355,16.503087997436523,1.032238923276042e-57
6,9,TIGIT,2.391948938369751,15.733884811401367,2.3321724216200743e-52
6,10,CTLA4,2.726248264312744,15.693089485168457,3.9950011685415755e-52
6,11,CD3E,1.9063652753829956,15.39990234375,3.5300443155487507e-50
6,12,ICOS,2.9332547187805176,15.139358520507812,1.7584801406468427e-48
6,13,ITM2A,2.070019483566284,15.06905746459961,4.715536696615899e-48
6,14,SRGN,1.575989842414856,14.657402992248535,2.0441282607377734e-45
6,15,ITGAL,1.5429439544677734,14.59396743774414,4.8455424512434486e-45
6,16,BATF,2.7026939392089844,14.468486785888672,2.837361321119922e-44
6,17,LAT,2.197829484939575,14.316722869873047,2.397419742878779e-43
6,18,JAK3,1.1153301000595093,13.944684028625488,4.4607401113392593e-41
6,19,CD3G,1.4222922325134277,13.849846839904785,1.5894542094336992e-40
6,20,ZAP70,1.871387004852295,13.649810791015625,2.3973567403718196e-39
6,21,LCP2,1.5648318529129028,13.606573104858398,4.128730065458431e-39
6,22,LCK,1.891992211341858,13.495688438415527,1.7852896654893176e-38
6,23,SEPT6,1.5255285501480103,13.345650672912598,1.293307969723995e-37
6,24,SLA,1.7100200653076172,13.323663711547852,1.6644091341265045e-37
6,25,ITK,1.8617632389068604,13.208755493164062,7.400928288174333e-37
6,26,SKAP1,1.8684813976287842,12.862178802490234,6.694524008539743e-35
6,27,BCL11B,1.6490827798843384,12.758644104003906,2.448012962634468e-34
6,28,TBC1D4,2.0224201679229736,12.679496765136719,6.499515566342262e-34
6,29,CD5,2.2644059658050537,12.620611190795898,1.3278505274282658e-33
6,30,PFN1,0.48609477281570435,12.574319839477539,2.3081527176634274e-33
6,31,PBXIP1,1.5060075521469116,12.552163124084473,2.9557443444612817e-33
6,32,CD27,1.834197759628296,12.430727005004883,1.3177650684048632e-32
6,33,PIM2,1.521159052848816,12.369860649108887,2.65093517919437e-32
6,34,PTPRC,1.2547324895858765,12.249646186828613,1.1420213121748573e-31
6,35,IL2RG,1.506725788116455,12.223909378051758,1.5244512611711847e-31
6,36,SIRPG,2.009932279586792,12.221129417419434,1.5348597243713766e-31
6,37,ARHGDIB,1.3500332832336426,12.200384140014648,1.9285310408614249e-31
6,38,ITGB2,1.5152974128723145,12.136128425598145,4.128379677145815e-31
6,39,CD247,1.9049961566925049,12.00256061553955,1.9429091207773805e-30
6,40,PRKCH,1.5544666051864624,11.91305160522461,5.57540569515929e-30
6,41,ITGB2-AS1,2.0199882984161377,11.51108455657959,6.245795414508724e-28
6,42,IL2RB,1.6617770195007324,11.405864715576172,2.0576354751225462e-27
6,43,DGKA,1.6003806591033936,11.279837608337402,8.499771128280786e-27
6,44,RGS1,1.2865662574768066,11.269495964050293,9.356077063721652e-27
6,45,ICA1,3.032297372817993,11.247993469238281,1.1692544679458102e-26
6,46,SH3KBP1,1.0917845964431763,11.215117454528809,1.6617601904172832e-26
6,47,SEPT1,1.4965717792510986,11.16846752166748,2.7562546760663483e-26
6,48,PHACTR2,1.7005720138549805,11.138139724731445,3.799995656922482e-26
6,49,LBH,1.4387543201446533,11.060994148254395,8.668192018438866e-26
6,50,PDCD1,2.0218429565429688,11.044672012329102,1.0204485965566244e-25
7,1,DCT,4.5637125968933105,23.98331642150879,9.836465845656928e-123
7,2,GPR143,3.569812536239624,23.296730041503906,5.54828535786598e-116
7,3,QPCT,3.651881217956543,23.280261993408203,5.54828535786598e-116
7,4,LHFPL3-AS1,4.621668815612793,23.205486297607422,2.191413221793802e-115
7,5,SCD,3.3121445178985596,23.199323654174805,2.191413221793802e-115
7,6,MLPH,3.170269012451172,22.592151641845703,1.7517479015730531e-109
7,7,BCAN,4.808276653289795,22.455501556396484,3.348270100744053e-108
7,8,TUBB4A,4.37359094619751,22.434059143066406,4.820527592224445e-108
7,9,SCIN,3.980455160140991,21.89383316040039,7.045663146759717e-103
7,10,NRP2,3.002472400665283,21.756824493408203,1.282007222178883e-101
7,11,PRAME,3.1687023639678955,21.597137451171875,3.482239453787102e-100
7,12,GPM6B,3.1469993591308594,21.26881217956543,3.4869739155527207e-97
7,13,RAB38,3.549260377883911,21.241945266723633,5.453349076389102e-97
7,14,STXBP1,2.9790782928466797,20.87656593322754,1.1509642025847472e-93
7,15,TRPM1,3.8845014572143555,20.854028701782227,1.7469177510509582e-93
7,16,CA14,4.632930755615234,20.83203887939453,2.6272673660257437e-93
7,17,MET,2.786271095275879,20.77187728881836,8.771720859185234e-93
7,18,TFAP2A,2.9109745025634766,20.670948028564453,6.811937364388345e-92
7,19,MITF,2.955173969268799,20.645864486694336,1.0953082453746007e-91
7,20,SLC1A4,3.2884302139282227,20.632631301879883,1.3801775424243274e-91
7,21,PIR,3.283803701400757,20.553239822387695,6.821896420746863e-91
7,22,CHCHD6,2.9809839725494385,20.52877426147461,1.0855100082790277e-90
7,23,MLANA,1.7556296586990356,20.444385528564453,5.702436613508663e-90
7,24,PMEL,3.0287444591522217,20.412446975708008,1.0588754174093357e-89
7,25,TRIM2,2.8415284156799316,20.401857376098633,1.2711739855961366e-89
7,26,CDK2,2.854484796524048,20.332794189453125,5.0387565506311976e-89
7,27,HPS4,2.666234016418457,20.19878578186035,7.427664690332061e-88
7,28,SERPINF1,4.090868949890137,20.15092658996582,1.8960246520475173e-87
7,29,EDNRB,2.948479175567627,20.10209083557129,4.929262365829462e-87
7,30,PYGL,3.395639419555664,20.0902156829834,6.082651740354887e-87
7,31,C1orf85,2.768481969833374,20.080364227294922,7.211304692118299e-87
7,32,CYP27A1,2.9149415493011475,20.07784080505371,7.381879633237176e-87
7,33,MYH10,2.882014751434326,20.065275192260742,9.255281257617829e-87
7,34,EPS8,2.7862131595611572,20.01689338684082,2.3837401075752277e-86
7,35,PTTG1IP,2.3008577823638916,20.001781463623047,3.1471159806579516e-86
7,36,KIF17,6.518024444580078,19.943998336791992,9.764576106282981e-86
7,37,CTSK,3.198469877243042,19.940380096435547,1.0246973635127927e-85
7,38,PLP1,2.931960344314575,19.938858032226562,1.0318083417045465e-85
7,39,H1F0,2.8267974853515625,19.753419876098633,3.8605505867568417e-84
7,40,TPCN2,3.348285675048828,19.736665725708008,5.2643574598289e-84
7,41,ISYNA1,3.042677640914917,19.7169132232666,7.462877353335842e-84
7,42,C11orf24,2.8418517112731934,19.644256591796875,3.0671684872502652e-83
7,43,MXI1,2.867748498916626,19.61338996887207,5.52008189667638e-83
7,44,CAPN3,2.9610555171966553,19.571552276611328,1.2314828532107621e-82
7,45,LAMB2,2.6672005653381348,19.51296043395996,3.808256546686338e-82
7,46,TYR,3.14798641204834,19.451274871826172,1.2470892459199795e-81
7,47,TRIM63,3.9709091186523438,19.44658660888672,1.3416301334942318e-81
7,48,SYNGR1,2.9068760871887207,19.437232971191406,1.5811966272738072e-81
7,49,WIPI1,2.7237355709075928,19.35293960571289,8.002072101471287e-81
7,50,SNAI2,4.048186302185059,19.252199172973633,5.525851443331937e-80
8,1,FCER1G,6.0618896484375,21.68272590637207,7.074915082953505e-100
8,2,TYROBP,6.136058807373047,21.647275924682617,7.637448510760289e-100
8,3,AIF1,5.790272235870361,21.18467140197754,1.044241220431807e-95
8,4,IFI30,4.238743782043457,21.089120864868164,5.9284675558954714e-95
8,5,LYZ,1.608080506324768,19.788436889648438,1.7742114194378357e-83
8,6,CD68,2.582941770553589,19.69305419921875,9.764429626054199e-83
8,7,SERPINA1,4.7103271484375,19.56287384033203,1.084611234591259e-81
8,8,ITGAX,3.711794376373291,18.818845748901367,1.5671756968919817e-75
8,9,FGL2,3.948298931121826,18.718883514404297,9.142632144852142e-75
8,10,CST3,2.9072396755218506,18.695194244384766,1.2832940938393799e-74
8,11,CSF1R,7.521457195281982,18.648040771484375,2.8209308666206497e-74
8,12,RAB31,4.471391201019287,18.53993797302246,1.941219140473556e-73
8,13,FCGR2A,3.5035581588745117,18.489730834960938,4.551879988947382e-73
8,14,CYBB,4.453649044036865,18.452783584594727,8.380468931618569e-73
8,15,LST1,5.277770519256592,18.415382385253906,1.5617238220300206e-72
8,16,CD14,6.727092742919922,18.398279190063477,2.0076993523390992e-72
8,17,MS4A6A,5.051589012145996,18.10492515563965,4.060663279097084e-70
8,18,HCK,6.850008010864258,18.0244140625,1.6494669075832493e-69
8,19,GLUL,2.834317922592163,17.849735260009766,3.620775718047049e-68
8,20,PILRA,5.799036502838135,17.646194458007812,1.2892519768981552e-66
8,21,TLR2,5.750191688537598,17.586658477783203,3.5164000738213175e-66
8,22,LILRB2,5.375897407531738,17.428264617919922,5.421695348145383e-65
8,23,TGFBI,4.941760540008545,17.41802978515625,6.201813671933504e-65
8,24,FCGR3A,5.5442657470703125,17.341928482055664,2.240489336012728e-64
8,25,CLEC7A,1.9221822023391724,17.21805191040039,1.8422889107898574e-63
8,26,PLXDC2,6.099285125732422,17.1301326751709,8.059026619728632e-63
8,27,MNDA,5.960699081420898,17.045833587646484,3.2932780453285663e-62
8,28,PLAUR,4.179837226867676,17.010072708129883,5.8505695690216e-62
8,29,CTSS,1.8258757591247559,16.99661636352539,7.106687900287113e-62
8,30,S100A9,6.458824157714844,16.924386978149414,2.3485926471736152e-61
8,31,CD163,7.692979335784912,16.885318756103516,4.409539748320952e-61
8,32,IGSF6,6.277007102966309,16.78425407409668,2.3555775056559737e-60
8,33,C3AR1,6.3164496421813965,16.74634552001953,4.322458370246207e-60
8,34,LILRB4,6.6631879806518555,16.743064880371094,4.4329987717600475e-60
8,35,FCGRT,3.2510249614715576,16.704788208007812,8.186641923724601e-60
8,36,CXCL16,2.6528995037078857,16.656503677368164,1.7861067817143723e-59
8,37,MPEG1,4.254462242126465,16.63479232788086,2.497596558992086e-59
8,38,MS4A7,3.5285892486572266,16.58043098449707,6.017915594216977e-59
8,39,NCF2,5.779170036315918,16.127552032470703,9.923240423638569e-56
8,40,LILRA6,3.398533582687378,16.125629425048828,9.980974103961552e-56
8,41,TNFSF13B,4.252572536468506,16.08404541015625,1.9072805787469744e-55
8,42,GRN,2.181184768676758,16.042036056518555,3.665491613157875e-55
8,43,SOD2,2.8848087787628174,16.039690017700195,3.7181083566652854e-55
8,44,CSF3R,6.569521903991699,16.001327514648438,6.734058713673881e-55
8,45,HLA-DRA,2.7500386238098145,15.995674133300781,7.210296820348716e-55
8,46,HLA-DRB5,2.4142005443573,15.980012893676758,9.069295657462582e-55
8,47,C1orf162,4.018409252166748,15.941368103027344,1.6487203706786907e-54
8,48,ALOX5,3.6601779460906982,15.91227912902832,2.5703970238004474e-54
8,49,HLA-DQB1,2.841341018676758,15.896956443786621,3.215842860946233e-54
8,50,PSAP,1.5235850811004639,15.818791389465332,1.0938789740830304e-53
9,1,TF,6.70189094543457,20.755483627319336,2.591033984158793e-91
9,2,FN1,3.9631974697113037,19.978641510009766,1.0007801442908191e-84
9,3,SFRP1,6.736419677734375,19.775753021240234,2.852102099429632e-83
9,4,SAA1,8.663320541381836,19.545272827148438,2.1441874336752888e-81
9,5,RGS5,5.647145748138428,19.46756935119629,8.166997335687754e-81
9,6,PDK4,5.531854152679443,19.098642349243164,7.673336222185334e-78
9,7,PDGFA,4.8235249519348145,18.387065887451172,4.3893499868903904e-72
9,8,COL1A2,5.108800411224365,18.379182815551758,4.568417752097539e-72
9,9,TFAP2C,5.1064910888671875,18.110355377197266,5.212250871134789e-70
9,10,HAPLN1,7.764801979064941,17.984773635864258,4.672845762813349e-69
9,11,BRD9,3.6103317737579346,17.898178100585938,2.061637489035449e-68
9,12,C1QTNF3,4.333755970001221,17.620521545410156,2.53794784935418e-66
9,13,ALDH1A3,5.03753662109375,17.430465698242188,6.751270033484604e-65
9,14,CP,5.956364631652832,16.97806167602539,1.570887083167692e-61
9,15,CRYAB,3.627897262573242,16.965045928955078,1.8575297505093926e-61
9,16,TERT,7.019748210906982,16.829225540161133,1.7652738905460985e-60
9,17,ERRFI1,4.705979824066162,16.813337326049805,2.1983883640971853e-60
9,18,EFNA5,3.818773031234741,16.765609741210938,4.689611442156594e-60
9,19,MRPL36,3.342979669570923,16.71885871887207,9.83913996229134e-60
9,20,MAP1B,3.273566246032715,16.703031539916992,1.2295651608883835e-59
9,21,MAGEA4,6.5182390213012695,16.654142379760742,2.675522682867862e-59
9,22,CLDN11,2.384982109069824,16.619890213012695,4.557758377758201e-59
9,23,XAGE1A,3.6785731315612793,16.615093231201172,4.75451565268288e-59
9,24,XAGE1C,3.6738531589508057,16.59972381591797,5.7716807434552e-59
9,25,XAGE1E,3.6738064289093018,16.59917449951172,5.7716807434552e-59
9,26,MGP,4.388010025024414,16.59199333190918,6.2880851079414275e-59
9,27,C2orf82,10.554093360900879,16.58624839782715,6.695968485657445e-59
9,28,XAGE1D,3.6678264141082764,16.582735061645508,6.877417470791745e-59
9,29,XAGE1B,3.6659820079803467,16.569229125976562,8.103490055843885e-59
9,30,ABCA8,6.275186061859131,16.530942916870117,1.4868441935719907e-58
9,31,AKAP12,3.2834692001342773,16.506805419921875,2.1569217248904245e-58
9,32,ITGB4,6.018708229064941,16.481077194213867,3.212929344043998e-58
9,33,ITGA10,4.138195991516113,16.205251693725586,2.812194297583697e-56
9,34,FKBP10,3.3756566047668457,16.19391632080078,3.296896754352175e-56
9,35,TM4SF1,3.505831241607666,16.101577758789062,1.436832029284608e-55
9,36,MAGEC2,4.803995609283447,16.027023315429688,4.6675246018392436e-55
9,37,MIR100HG,5.332679748535156,15.98812484741211,8.517802131071685e-55
9,38,SPARC,2.7348241806030273,15.957111358642578,1.3687286324673895e-54
9,39,GPC6,5.5269389152526855,15.842406272888184,8.169233986677665e-54
9,40,TGM2,4.183568000793457,15.74218463897705,3.916957982927468e-53
9,41,ADCY2,3.185580015182495,15.69228744506836,8.428812600823729e-53
9,42,PDCD6,2.2523722648620605,15.63774585723877,1.9470190242698762e-52
9,43,NGEF,9.35371208190918,15.609329223632812,2.979837585783266e-52
9,44,LAMB1,3.217402696609497,15.604439735412598,3.154017513380281e-52
9,45,SLCO4A1,4.213877201080322,15.471829414367676,2.4489601660597885e-51
9,46,AFAP1,3.5366060733795166,15.435895919799805,4.196407900787297e-51
9,47,PRKCDBP,3.3676605224609375,15.407418251037598,6.401559459507042e-51
9,48,FKBP9,1.9311097860336304,15.37062931060791,1.1097357621842526e-50
9,49,CALD1,2.5175223350524902,15.359018325805664,1.3037635237207892e-50
9,50,LIFR,4.524586200714111,15.34850788116455,1.5062440184640747e-50
10,1,COL1A1,7.760645389556885,15.648728370666504,8.028778301353356e-51
10,2,COL1A2,5.751134872436523,15.583600997924805,1.1145807030599846e-50
10,3,COL3A1,6.689671516418457,14.794332504272461,1.2583436031484273e-45
10,4,CALD1,3.1521830558776855,14.661735534667969,6.712166783309842e-45
10,5,PCOLCE,5.144411087036133,14.599981307983398,1.3309455829957517e-44
10,6,FSTL1,4.2324090003967285,14.259699821472168,1.5402973812179723e-42
10,7,NNMT,4.105360507965088,13.794639587402344,9.290197284958551e-40
10,8,SPARC,3.0541234016418457,13.734076499938965,1.8791397827140947e-39
10,9,C1S,5.6867289543151855,13.688593864440918,3.126560992327885e-39
10,10,CCDC80,5.703265190124512,13.527263641357422,2.557656223879749e-38
10,11,THY1,6.856627464294434,13.509602546691895,2.9559581763542234e-38
10,12,BGN,6.553268909454346,13.317593574523926,3.6107553664301464e-37
10,13,LUM,7.705416202545166,13.270048141479492,6.293246948770031e-37
10,14,COL6A2,4.848592281341553,13.071768760681152,8.078386806521362e-36
10,15,COL6A3,6.030031204223633,13.064783096313477,8.264837257647245e-36
10,16,SERPING1,4.321787357330322,12.991519927978516,2.023710403681489e-35
10,17,C1R,4.860822677612305,12.976676940917969,2.3121167656034726e-35
10,18,DCN,7.621548175811768,12.91595458984375,4.815158050598713e-35
10,19,COL6A1,4.2798991203308105,12.766411781311035,3.1485305675813264e-34
10,20,CXCL12,6.354744911193848,12.540310859680176,5.3209044267445095e-33
10,21,MXRA8,6.871486663818359,12.518601417541504,6.662989628818557e-33
10,22,TNS1,4.116580486297607,12.416802406311035,2.281251889108238e-32
10,23,ABI3BP,6.2430830001831055,12.406523704528809,2.4810234789146487e-32
10,24,ISLR,8.232022285461426,12.401285171508789,2.538338698104587e-32
10,25,CNN3,2.736922264099121,12.190146446228027,3.323945516458891e-31
10,26,TPM1,4.009873390197754,12.126884460449219,6.932638747426197e-31
10,27,LRP1,3.4395551681518555,12.120614051818848,7.206867571855077e-31
10,28,CD248,6.854852676391602,12.103944778442383,8.515791019501642e-31
10,29,EHD2,2.9712765216827393,12.059574127197266,1.4105040941867568e-30
10,30,PTRF,2.9040474891662598,12.045405387878418,1.6192631260537275e-30
10,31,MAP1B,3.2704625129699707,11.981230735778809,3.405548347491471e-30
10,32,FBN1,5.958862781524658,11.95622730255127,4.4592251322515384e-30
10,33,MYL9,5.743351459503174,11.949560165405273,4.6853933853073165e-30
10,34,COL5A2,4.714272975921631,11.937971115112305,5.2276818789278164e-30
10,35,PRRX1,5.701208591461182,11.920190811157227,6.2155341744065775e-30
10,36,THBS2,5.059567451477051,11.918802261352539,6.2155341744065775e-30
10,37,CYR61,4.7173686027526855,11.90884017944336,6.815219165931537e-30
10,38,CYBRD1,3.520045757293701,11.884471893310547,8.885411396969041e-30
10,39,COL5A1,7.085129261016846,11.776521682739258,3.13289213162739e-29
10,40,THBS1,4.557583808898926,11.752074241638184,4.080815235324766e-29
10,41,IGFBP7,3.527135133743286,11.638448715209961,1.5091211315871477e-28
10,42,TIMP1,2.5621607303619385,11.636900901794434,1.5091211315871477e-28
10,43,CDH11,6.989478588104248,11.60261058807373,2.184095630235211e-28
10,44,TAGLN,5.859436511993408,11.601340293884277,2.184095630235211e-28
10,45,IGFBP4,4.194683074951172,11.486881256103516,8.0835454577012e-28
10,46,LHFP,3.630760669708252,11.437271118164062,1.4023649483102388e-27
10,47,IGFBP5,4.73849630355835,11.374445915222168,2.8254287472505715e-27
10,48,SERPINF1,3.783710241317749,11.243833541870117,1.2256946456713845e-26
10,49,PPAP2B,4.922800540924072,11.140368461608887,3.8573874585415296e-26
10,50,MMP2,5.290406227111816,11.135407447814941,3.9967459830743394e-26
11,1,BANK1,3.603510618209839,11.975133895874023,1.1362735712385911e-28
11,2,MS4A1,3.5723371505737305,11.566459655761719,7.21874661247067e-27
11,3,PAX5,3.355522871017456,11.181753158569336,3.9553074966458987e-25
11,4,CD22,3.2319653034210205,10.942831039428711,3.407355016461284e-24
11,5,CIITA,2.1708102226257324,10.382275581359863,1.1788102593519616e-21
11,6,CD79A,3.2457942962646484,10.364110946655273,1.2220207141015581e-21
11,7,ADAM28,2.883042335510254,10.295276641845703,2.191431562277613e-21
11,8,FAM129C,3.354661703109741,10.16980266571045,7.118737379957417e-21
11,9,NCF1C,3.0708200931549072,10.13364028930664,9.281043333326751e-21
11,10,BCL11A,2.831483840942383,10.04298210144043,2.1243781389875836e-20
11,11,IRF8,2.763566017150879,9.96712589263916,4.1906357543564456e-20
11,12,CD19,3.339294910430908,9.857210159301758,1.162537782319667e-19
11,13,FCRL1,2.56593918800354,9.79850959777832,1.9333453264146407e-19
11,14,BLNK,3.1685736179351807,9.625351905822754,9.869266880822388e-19
11,15,CD79B,2.950855255126953,9.545206069946289,2.0111493735930604e-18
11,16,STAP1,3.2425973415374756,9.45715618133545,4.409401895878786e-18
11,17,FGD2,2.1149415969848633,9.387438774108887,8.090725179749975e-18
11,18,NCF1,2.7944507598876953,9.351360321044922,1.0788149111763187e-17
11,19,CD40,3.0546886920928955,9.28929615020752,1.8395915413679654e-17
11,20,LY86,3.26127552986145,9.24060344696045,2.7649675422992253e-17
11,21,CLEC17A,2.6367270946502686,9.187705993652344,4.321181775283816e-17
11,22,MEF2C,2.2534608840942383,9.154486656188965,5.625274973412996e-17
11,23,HLA-DQB1,2.40102219581604,9.073205947875977,1.140675519892055e-16
11,24,WDFY4,2.5053293704986572,9.038894653320312,1.4996493552829265e-16
11,25,ADAM19,1.935093641281128,8.947773933410645,3.304815125756883e-16
11,26,FCER2,3.5612192153930664,8.910014152526855,4.476870398524019e-16
11,27,HLA-DQA2,2.5020103454589844,8.903202056884766,4.590433642816675e-16
11,28,HLA-DOB,3.411287546157837,8.816959381103516,9.459219441840741e-16
11,29,MARCH1-1,2.531494617462158,8.814899444580078,9.459219441840741e-16
11,30,SYK,1.9982470273971558,8.798416137695312,1.0603543783159184e-15
11,31,IGLL5,2.982451915740967,8.758974075317383,1.4394247454258446e-15
11,32,LOC283663,1.559930682182312,8.756998062133789,1.4394247454258446e-15
11,33,HLA-DQB2,2.411996841430664,8.732147216796875,1.7410242166943112e-15
11,34,XIST,2.0219173431396484,8.62912654876709,4.1842924648662506e-15
11,35,CXCR5,2.8804922103881836,8.60738754272461,4.918386941501747e-15
11,36,CR1,2.1137969493865967,8.571267127990723,6.553027713892184e-15
11,37,SEL1L3,1.9247469902038574,8.53888988494873,8.448091731990502e-15
11,38,NCF1B,2.610010862350464,8.519126892089844,9.764775418300272e-15
11,39,TCF4,1.8272008895874023,8.506932258605957,1.0576862039693893e-14
11,40,HVCN1,2.616633176803589,8.502559661865234,1.0715262370984142e-14
11,41,POU2F2,2.009021282196045,8.486917495727539,1.196806400260169e-14
11,42,HLA-DRA,2.366579055786133,8.472452163696289,1.3237186917641868e-14
11,43,HLA-DQA1,2.3087093830108643,8.459501266479492,1.4217445449533953e-14
11,44,BLK,2.7015769481658936,8.438981056213379,1.6485229399697126e-14
11,45,NAPSB,2.9476633071899414,8.424221992492676,1.830376229213435e-14
11,46,HLA-DOA,1.7879502773284912,8.406519889831543,2.0844193131134013e-14
11,47,CD72,2.792668342590332,8.385411262512207,2.4437786325712557e-14
11,48,DAPP1,1.870413064956665,8.371954917907715,2.684908825804284e-14
11,49,TCL1A,3.46043062210083,8.360517501831055,2.8690994501505825e-14
11,50,SELL,2.4159882068634033,8.359508514404297,2.8690994501505825e-14
12,1,SDPR,7.7218732833862305,13.234051704406738,1.0948420773106622e-35
12,2,TFPI,6.090107440948486,13.19606876373291,1.0948420773106622e-35
12,3,PROX1,6.752732276916504,12.992247581481934,1.0690920437925919e-34
12,4,PDLIM1,4.659840106964111,12.278754234313965,6.976277371263136e-31
12,5,IGFBP7,4.096566200256348,12.053858757019043,8.768615632854987e-30
12,6,EGFL7,5.88644552230835,11.967379570007324,2.079339416925922e-29
12,7,S100A16,3.859126567840576,11.939473152160645,2.493719430402111e-29
12,8,CLDN5,8.293560981750488,11.922952651977539,2.661054726600261e-29
12,9,SMAD1,5.946168899536133,11.716757774353027,2.517826520773833e-28
12,10,LYVE1,8.359756469726562,11.715401649475098,2.517826520773833e-28
12,11,NNMT,4.177707672119141,11.676448822021484,3.6217272742281887e-28
12,12,TIMP3,3.212526798248291,11.62615966796875,5.990213558430964e-28
12,13,GNG11,5.072990894317627,11.54215145111084,1.4737618107123929e-27
12,14,ECSCR,7.622107982635498,11.444964408874512,4.216743303144349e-27
12,15,CLU,4.369904518127441,11.432416915893555,4.5479840337728394e-27
12,16,NFIB,4.687066078186035,11.403105735778809,5.9735482228457005e-27
12,17,CALCRL,6.786855220794678,11.381497383117676,7.204800998130272e-27
12,18,HYAL2,4.899155139923096,11.353156089782715,9.414197331226724e-27
12,19,APP,3.442742347717285,11.196330070495605,5.298585386336199e-26
12,20,RGS16,5.232378959655762,11.021238327026367,3.5755748811808266e-25
12,21,CNN3,2.8869214057922363,10.915040969848633,1.101940653308857e-24
12,22,IFITM3,2.0810537338256836,10.79886245727539,3.752496259160414e-24
12,23,TIE1,7.19184684753418,10.766353607177734,5.11134281331765e-24
12,24,TSPAN7,4.072801113128662,10.709766387939453,9.040567258456033e-24
12,25,RPS6KA2,4.275293827056885,10.660301208496094,1.479058738524789e-23
12,26,MARCKS,3.2186012268066406,10.62866497039795,1.9974304096119169e-23
12,27,SULF2,5.0194091796875,10.594411849975586,2.775326178008771e-23
12,28,FLT4,4.361946105957031,10.543929100036621,4.5843873521645984e-23
12,29,MYCT1,6.599094390869141,10.464861869812012,9.78925157833061e-23
12,30,STAB1,5.384380340576172,10.46263313293457,9.78925157833061e-23
12,31,PRCP,3.1392271518707275,10.460986137390137,9.78925157833061e-23
12,32,RHOJ,3.69037127494812,10.459726333618164,9.78925157833061e-23
12,33,RAI14,4.1516547203063965,10.403236389160156,1.720347729346093e-22
12,34,IL33,6.748066425323486,10.273831367492676,6.44187679643513e-22
12,35,EPAS1,3.8959691524505615,10.251981735229492,7.847285874398314e-22
12,36,TNFSF10,3.2287919521331787,10.212835311889648,1.1430786728841685e-21
12,37,CXCR7,6.425723552703857,10.2069730758667,1.1814499448448537e-21
12,38,ARHGAP29,4.949996471405029,10.165841102600098,1.7559826414416967e-21
12,39,PPFIBP1,1.7499723434448242,10.16206169128418,1.778600896453916e-21
12,40,COL4A2,4.993019104003906,10.155763626098633,1.8498434023493047e-21
12,41,CCL21,7.030536651611328,10.058093070983887,4.88928884119852e-21
12,42,TM4SF1,3.3401613235473633,9.997241973876953,8.838284387726348e-21
12,43,SEPP1,3.8877193927764893,9.962601661682129,1.2239573568306389e-20
12,44,SEMA3A,5.703187942504883,9.91953182220459,1.8432183713471228e-20
12,45,THBD,4.280431747436523,9.904900550842285,2.0865589793095475e-20
12,46,MMRN1,7.489792823791504,9.901266098022461,2.1167481142367005e-20
12,47,NFIA,3.2100019454956055,9.873021125793457,2.7468093777592737e-20
12,48,TNFAIP1,3.5846595764160156,9.821666717529297,4.482622834253996e-20
12,49,FLRT2,5.976301670074463,9.7484130859375,9.058590563972833e-20
12,50,TUBB6,3.5076348781585693,9.737948417663574,9.84066676595433e-20
13,1,MYO10,3.7866547107696533,12.963014602661133,4.6974766870076845e-34
13,2,CDK4,3.1436963081359863,12.898516654968262,5.434771620785561e-34
13,3,TSFM,4.717375755310059,12.72708511352539,3.301934397842135e-33
13,4,SLC45A2,4.993961811065674,12.694836616516113,3.7406115810557014e-33
13,5,PTK2,4.180394649505615,12.646785736083984,5.521731018452586e-33
13,6,SOX4,3.989896297454834,12.629096031188965,5.762173159753792e-33
13,7,HEBP1,4.579085350036621,12.522261619567871,1.9088153409589158e-32
13,8,ASAP1,3.6616227626800537,12.43589973449707,4.94067338580805e-32
13,9,NDUFC2,2.084517240524292,12.334630966186523,1.5518518522978177e-31
13,10,GAB2,4.7909088134765625,12.270530700683594,3.088958617307838e-31
13,11,MDM2,2.047630548477173,12.249462127685547,3.338464584158594e-31
13,12,KIT,5.612687110900879,12.107446670532227,1.7575399202080555e-30
13,13,NARS2,4.295898914337158,12.06958293914795,2.5873075085096257e-30
13,14,CTDSP2,3.567671060562134,12.034302711486816,3.705089491781274e-30
13,15,FRZB,6.832302093505859,11.96592903137207,7.93501157277803e-30
13,16,MYC,3.5502774715423584,11.926474571228027,1.2004061012721197e-29
13,17,PWP1,3.163731098175049,11.886324882507324,1.8346744687403124e-29
13,18,METTL21B,3.4818665981292725,11.782471656799316,5.992385919801415e-29
13,19,GDNF,4.769109725952148,11.769949913024902,6.604202289370387e-29
13,20,IMPDH1,3.6237542629241943,11.727415084838867,1.0404257084254769e-28
13,21,RBM19,3.019637107849121,11.708234786987305,1.2252551961358734e-28
13,22,CDH3,4.6876749992370605,11.659041404724121,2.0367897096537017e-28
13,23,LHFPL3-AS1,4.81862211227417,11.539535522460938,7.596314306370742e-28
13,24,TPCN1,3.4522078037261963,11.50818157196045,1.0526860552394823e-27
13,25,ABCB5,2.7745513916015625,11.460726737976074,1.7577514253819012e-27
13,26,MARCKS,3.3822765350341797,11.442838668823242,2.0861883020712078e-27
13,27,NUP107,3.674513339996338,11.413421630859375,2.8296435410491117e-27
13,28,EDNRB,3.53037428855896,11.352749824523926,5.491739557086791e-27
13,29,MGC27345,2.438730239868164,11.254412651062012,1.6307531977640427e-26
13,30,DNAJB6,2.352560043334961,11.210735321044922,2.516478921623723e-26
13,31,METTL1,5.0501508712768555,11.071403503417969,1.1687145430026184e-25
13,32,TFAP2A,3.6030595302581787,11.034482955932617,1.7144546466353281e-25
13,33,DCT,4.229279041290283,11.015551567077637,2.058776559636845e-25
13,34,ACTR3B,5.536489009857178,10.93813419342041,4.646303879607059e-25
13,35,C12orf23,3.1542916297912598,10.937239646911621,4.646303879607059e-25
13,36,GPNMB,2.9978280067443848,10.930381774902344,4.777154884788596e-25
13,37,PLP1,3.1865813732147217,10.930183410644531,4.777154884788596e-25
13,38,MEST,5.089791297912598,10.919649124145508,5.237180229744286e-25
13,39,RBM28,3.7549068927764893,10.902108192443848,6.204151927706324e-25
13,40,CYC1,2.7216925621032715,10.898381233215332,6.316645839319791e-25
13,41,TOP1MT,4.08173131942749,10.8866548538208,7.025246717609244e-25
13,42,ALG8,3.528249979019165,10.814504623413086,1.5134027536007692e-24
13,43,SLC38A2,2.266850471496582,10.799596786499023,1.7424861004514624e-24
13,44,SLC11A2,1.9620826244354248,10.79035472869873,1.8867826120994246e-24
13,45,EMP1,3.3592162132263184,10.694899559020996,5.198814351323445e-24
13,46,YEATS4,3.798779010772705,10.690576553344727,5.337998319249093e-24
13,47,CALD1,2.8125767707824707,10.622699737548828,1.0855269167407964e-23
13,48,HSPD1,1.8045154809951782,10.574996948242188,1.7395336647977543e-23
13,49,RPL8,0.775372326374054,10.54617691040039,2.3209285893664348e-23
13,50,PHF20L1,3.132390022277832,10.526598930358887,2.805903492555683e-23
14,1,TFF2,8.36691951751709,10.183894157409668,5.543374629283816e-20
14,2,IGFBP3,6.1525421142578125,10.06078815460205,7.279692036984258e-20
14,3,AQP1,6.542797088623047,10.049654006958008,7.279692036984258e-20
14,4,ALDH1A3,5.285987854003906,9.95159912109375,1.4696839871104303e-19
14,5,KLK6,7.98996114730835,9.866765975952148,2.7481432035508325e-19
14,6,SPARC,3.327343225479126,9.708044052124023,1.1000885967177476e-18
14,7,RNASE1,5.27808141708374,9.48776912689209,7.987656098340506e-18
14,8,OLFML3,5.557949066162109,9.327591896057129,3.1623686364831134e-17
14,9,MAG,9.942100524902344,9.316584587097168,3.1623686364831134e-17
14,10,ZCCHC24,4.329587459564209,9.194869995117188,8.825921598674044e-17
14,11,MAGEC2,4.854679107666016,9.185443878173828,8.825921598674044e-17
14,12,COL22A1,5.688491344451904,9.1364164352417,1.2212033923183842e-16
14,13,MGP,4.594984531402588,9.132368087768555,1.2212033923183842e-16
14,14,PRSS23,3.678412675857544,9.066323280334473,2.0829469124504033e-16
14,15,PTPRZ1,4.38685417175293,9.05721378326416,2.1134506798532542e-16
14,16,PRSS21,5.685600757598877,9.043739318847656,2.2415993950593527e-16
14,17,KRT12,8.82573127746582,9.009641647338867,2.6636331791880965e-16
14,18,LAMA4,3.495419979095459,9.007680892944336,2.6636331791880965e-16
14,19,SERPINA5,5.294802665710449,9.006035804748535,2.6636331791880965e-16
14,20,RBP1,3.455953359603882,8.998887062072754,2.7007443876343554e-16
14,21,MAGEA4,5.751923084259033,8.986108779907227,2.781937582564224e-16
14,22,SERPINA3,4.170915126800537,8.985159873962402,2.781937582564224e-16
14,23,RASD1,5.165877819061279,8.940939903259277,3.9743257486198663e-16
14,24,MAP1B,3.5576186180114746,8.919178009033203,4.481871513929056e-16
14,25,TFAP2C,4.4068169593811035,8.918418884277344,4.481871513929056e-16
14,26,MAGEC1,4.943160057067871,8.864014625549316,7.032311710327092e-16
14,27,CPE,6.281012058258057,8.85047721862793,7.645942795700675e-16
14,28,SEMA3B,3.9984612464904785,8.82023811340332,9.663133552597965e-16
14,29,SLIT3,5.658505439758301,8.783546447753906,1.2939024864287592e-15
14,30,TESC,4.972029209136963,8.771463394165039,1.392584882377211e-15
14,31,XAGE1B,3.664663553237915,8.73078727722168,1.9326154631046105e-15
14,32,XAGE1A,3.665015697479248,8.72446060180664,1.9798961214202813e-15
14,33,SFRP1,4.838320255279541,8.717881202697754,2.0347772818766733e-15
14,34,XAGE1C,3.6379008293151855,8.694095611572266,2.4358112843822405e-15
14,35,XAGE1E,3.6391358375549316,8.684986114501953,2.4980938189862952e-15
14,36,XAGE1D,3.6299595832824707,8.684732437133789,2.4980938189862952e-15
14,37,REM1,6.2279534339904785,8.552580833435059,7.706398808759658e-15
14,38,MIA,3.507617950439453,8.534677505493164,8.536955854899124e-15
14,39,PLBD1,4.972096920013428,8.527972221374512,8.820342621732669e-15
14,40,NCAM1,4.515883445739746,8.500516891479492,1.0398301506237671e-14
14,41,FCRLA,3.810364007949829,8.49760627746582,1.0419914327284724e-14
14,42,GRIA2,5.59528923034668,8.49096393585205,1.078795443410854e-14
14,43,SPRY4,3.367763042449951,8.476350784301758,1.196640633054337e-14
14,44,DHCR7,4.146753787994385,8.465596199035645,1.2673069520020565e-14
14,45,NID1,3.6444742679595947,8.420554161071777,1.7752827597523544e-14
14,46,PRKCDBP,3.5080831050872803,8.357419967651367,2.7610479048747468e-14
14,47,PODXL,5.027662754058838,8.343755722045898,3.0443576780401496e-14
14,48,CD9,3.0697407722473145,8.33211612701416,3.3002648681383316e-14
14,49,TKTL1,6.395909309387207,8.31680679321289,3.6282363253245386e-14
14,50,PDLIM4,4.119012832641602,8.3037748336792,3.937558358049793e-14
15,1,PLVAP,8.344168663024902,9.738760948181152,1.992906180296146e-18
15,2,ELTD1,8.06534194946289,9.732279777526855,1.992906180296146e-18
15,3,VWF,7.59276819229126,9.71812629699707,1.992906180296146e-18
15,4,AQP1,6.646971702575684,9.642463684082031,2.5698042970063053e-18
15,5,CALCRL,6.7982940673828125,9.623150825500488,2.5698042970063053e-18
15,6,ENG,4.739680290222168,9.621167182922363,2.5698042970063053e-18
15,7,COL4A2,5.784122467041016,9.565081596374512,3.794070561943156e-18
15,8,SPARCL1,6.416468620300293,9.362300872802734,2.3102375570111353e-17
15,9,COL4A1,6.2780961990356445,9.319707870483398,3.070656322216005e-17
15,10,IGFBP7,4.2745256423950195,9.289548873901367,3.670474474316538e-17
15,11,HSPG2,4.402352333068848,9.247749328613281,4.9374368199476886e-17
15,12,EPAS1,4.713321685791016,9.19417667388916,7.459606258458169e-17
15,13,CLEC14A,9.21966552734375,9.135974884033203,1.1811717263880363e-16
15,14,NPDC1,4.740971088409424,9.097482681274414,1.5032418358980605e-16
15,15,CDH5,7.642214775085449,9.09020709991455,1.5032418358980605e-16
15,16,CD34,7.513176441192627,9.087296485900879,1.5032418358980605e-16
15,17,COL15A1,6.3067216873168945,9.048540115356445,2.0190398520237858e-16
15,18,PECAM1,3.0789198875427246,9.015206336975098,2.494708378388312e-16
15,19,NOTCH4,6.270592212677002,9.00753402709961,2.494708378388312e-16
15,20,CD93,6.189056396484375,9.002903938293457,2.494708378388312e-16
15,21,RAMP2,6.263704776763916,9.002243041992188,2.494708378388312e-16
15,22,EGFL7,5.937880039215088,8.99629020690918,2.513976267417766e-16
15,23,PLXND1,4.061854839324951,8.960840225219727,3.3186633067763707e-16
15,24,HYAL2,5.13035249710083,8.933856010437012,4.0608289414793433e-16
15,25,NFIB,4.605908393859863,8.915667533874512,4.594588384974334e-16
15,26,CRIP2,3.7108802795410156,8.82433032989502,1.003291059261873e-15
15,27,APP,3.5747411251068115,8.808721542358398,1.1105853530586656e-15
15,28,SLCO2A1,7.855520725250244,8.7968168258667,1.1908120644832424e-15
15,29,ESAM,7.76131010055542,8.777900695800781,1.3605139770182402e-15
15,30,GNG11,4.976498603820801,8.744832038879395,1.7636310006350029e-15
15,31,NRP1,5.210884094238281,8.738746643066406,1.8012040957815756e-15
15,32,LIMS2,5.163576126098633,8.725915908813477,1.954595373363284e-15
15,33,RNASE1,5.082864284515381,8.685704231262207,2.7020097072079546e-15
15,34,MGP,4.670539855957031,8.56043815612793,7.83408000712077e-15
15,35,PTPRB,3.6602110862731934,8.54648208618164,8.588731495640364e-15
15,36,SPARC,2.996703624725342,8.530014038085938,9.628922876620932e-15
15,37,TCF4,3.7048428058624268,8.45884895324707,1.7288457527503564e-14
15,38,RAMP3,6.616201877593994,8.45541000366211,1.733716779646467e-14
15,39,A2M,3.116974353790283,8.384244918823242,3.100979919846664e-14
15,40,IFITM3,2.110373020172119,8.378557205200195,3.1731778935673356e-14
15,41,ID3,3.7897772789001465,8.30732536315918,5.655490950008843e-14
15,42,EMCN,5.7644944190979,8.29971981048584,5.885999238843785e-14
15,43,ETS2,4.3989362716674805,8.218038558959961,1.1395964129853668e-13
15,44,TIE1,6.530606269836426,8.077163696289062,3.5689917584573286e-13
15,45,ARHGAP29,4.760009288787842,8.062546730041504,3.9334766086481796e-13
15,46,S1PR1,3.71254301071167,8.040258407592773,4.616739237260605e-13
15,47,ID1,5.627047061920166,8.001897811889648,6.175055170790298e-13
15,48,TM4SF1,3.6016695499420166,7.968365669250488,7.935135952446743e-13
15,49,HEG1,4.3664140701293945,7.936090469360352,9.896158788837677e-13
15,50,IFI27,3.3043746948242188,7.935957908630371,9.896158788837677e-13
16,1,MZB1,6.6436309814453125,8.774824142456055,2.2795402335890573e-14
16,2,DERL3,7.1681389808654785,8.761625289916992,2.2795402335890573e-14
16,3,XBP1,4.342580318450928,8.685365676879883,2.981073915040016e-14
16,4,FKBP11,4.063004493713379,8.572589874267578,5.992347286759604e-14
16,5,SSR4,2.2843806743621826,8.441481590270996,1.414723145627574e-13
16,6,ELL2,4.577004909515381,8.425789833068848,1.414723145627574e-13
16,7,IGJ,6.649383068084717,8.357009887695312,2.1769477547285222e-13
16,8,TXNDC5,5.1703057289123535,8.329072952270508,2.282961509623739e-13
16,9,ITM2C,3.673114061355591,8.321666717529297,2.282961509623739e-13
16,10,IGLL5,5.169172763824463,8.26857852935791,3.211420099421631e-13
16,11,HERPUD1,2.7449662685394287,8.239834785461426,3.7137734007907363e-13
16,12,HSP90B1,2.0726544857025146,8.182053565979004,5.508639296814212e-13
16,13,PRDX4,3.404252052307129,8.12060546875,8.452656866470267e-13
16,14,C19orf10,3.0113799571990967,8.109753608703613,8.582632769799822e-13
16,15,ELK2AP,6.1418070793151855,7.985245227813721,2.214817380211958e-12
16,16,SEC11C,3.014413833618164,7.935896396636963,3.094085434372234e-12
16,17,POU2AF1,2.954026699066162,7.742681503295898,1.3564293121673002e-11
16,18,SEC61B,2.524477481842041,7.616706371307373,3.424771006616501e-11
16,19,SPCS3,2.4056248664855957,7.6068806648254395,3.500859807981519e-11
16,20,PPIB,1.7047148942947388,7.5611252784729,4.733032419054604e-11
16,21,FKBP2,2.958453893661499,7.399367332458496,1.5435646973868345e-10
16,22,RPN1,2.362321615219116,7.380742073059082,1.694942775836921e-10
16,23,FAM46C,3.4889369010925293,7.3674702644348145,1.7910569810674575e-10
16,24,RABAC1,2.5850045680999756,7.3199543952941895,2.3621140523467596e-10
16,25,HSPA5,1.9544646739959717,7.311082363128662,2.3621140523467596e-10
16,26,TMED2,2.138284206390381,7.309615612030029,2.3621140523467596e-10
16,27,SLAMF7,2.7191879749298096,7.308955669403076,2.3621140523467596e-10
16,28,VIMP,2.8731846809387207,7.250221252441406,3.5202822725739076e-10
16,29,PIM2,2.719403028488159,7.218984127044678,4.278506896140501e-10
16,30,CD38,3.840735912322998,7.206958770751953,4.51791623601518e-10
16,31,LMAN1,2.815964698791504,7.190533638000488,4.894556761563539e-10
16,32,ST6GAL1,2.6607935428619385,7.1815876960754395,4.894556761563539e-10
16,33,SPCS2,2.20047926902771,7.181147575378418,4.894556761563539e-10
16,34,SEL1L3,3.682365894317627,7.178947925567627,4.894556761563539e-10
16,35,PDIA4,2.583534002304077,7.1078948974609375,7.974828314771157e-10
16,36,FCRL5,4.95069694519043,6.969527721405029,2.092571878173671e-09
16,37,RRBP1,3.0282814502716064,6.901773929595947,3.288099495390919e-09
16,38,SSR3,1.8712905645370483,6.8722968101501465,3.938375293624702e-09
16,39,SEC61A1,2.1290977001190186,6.718824863433838,1.1127513903797792e-08
16,40,SDC1,7.161965847015381,6.696900367736816,1.2607694190002685e-08
16,41,SDF2L1,3.2976572513580322,6.692793846130371,1.2650467695603687e-08
16,42,TXNDC11,3.778700113296509,6.688834190368652,1.2688012668382735e-08
16,43,RPN2,1.8052066564559937,6.631933212280273,1.8252592024594803e-08
16,44,CRELD2,3.482511043548584,6.621813774108887,1.91028864150634e-08
16,45,PDK1,3.7488853931427,6.599376201629639,2.173553536667012e-08
16,46,HM13,1.1408178806304932,6.584564208984375,2.349442560634859e-08
16,47,HDLBP,2.223012924194336,6.576938152313232,2.420482630257097e-08
16,48,PPAPDC1B,2.5689635276794434,6.5352888107299805,3.119288126324155e-08
16,49,COPE,1.8916290998458862,6.5328688621521,3.119288126324155e-08
16,50,KDELR1,2.659574508666992,6.522456645965576,3.276901068904661e-08
17,1,IL3RA,6.700150966644287,7.494996547698975,8.821406819476398e-10
17,2,PLD4,6.631972789764404,7.434998035430908,8.821406819476398e-10
17,3,SMPD3,6.493988990783691,7.426255226135254,8.821406819476398e-10
17,4,IGJ,6.152588367462158,7.339343547821045,1.1614489453520397e-09
17,5,PTPRS,3.9435226917266846,7.320487022399902,1.1614489453520397e-09
17,6,DERL3,5.9311842918396,7.29134464263916,1.1614489453520397e-09
17,7,MPEG1,5.217495441436768,7.276259422302246,1.1614489453520397e-09
17,8,IRF7,3.960923433303833,7.123520851135254,3.0156848648225074e-09
17,9,SERPINF1,4.524487018585205,7.1056928634643555,3.0156848648225074e-09
17,10,LILRA4,8.156881332397461,7.097207069396973,3.0156848648225074e-09
17,11,MAP1A,6.032557010650635,6.980467319488525,6.305950855436638e-09
17,12,ZFAT,3.9711403846740723,6.968896389007568,6.305950855436638e-09
17,13,RNASE6,4.986812114715576,6.944039821624756,6.943479765956344e-09
17,14,LILRB4,6.037877559661865,6.928183078765869,7.058792928379296e-09
17,15,TYROBP,5.1842122077941895,6.900326728820801,7.058792928379296e-09
17,16,ITM2C,3.357865571975708,6.896384239196777,7.058792928379296e-09
17,17,FAM129C,4.62606954574585,6.891241550445557,7.058792928379296e-09
17,18,NAPSB,4.721827983856201,6.885412693023682,7.058792928379296e-09
17,19,GZMB,4.813484191894531,6.882669925689697,7.058792928379296e-09
17,20,TCF4,4.0453104972839355,6.880612850189209,7.058792928379296e-09
17,21,PLEK,4.242446422576904,6.86707067489624,7.392509454585768e-09
17,22,BCL11A,4.314377784729004,6.856270790100098,7.541725424902404e-09
17,23,TGFBI,5.098970413208008,6.84529972076416,7.541725424902404e-09
17,24,SLC15A4,3.8801896572113037,6.845128059387207,7.541725424902404e-09
17,25,IRF8,3.929502248764038,6.803129196166992,9.700228085263077e-09
17,26,CLIC3,5.599337577819824,6.794900894165039,9.87529439052239e-09
17,27,NRP1,5.04073429107666,6.739102363586426,1.3982462217738219e-08
17,28,MS4A6A,4.672723293304443,6.5382795333862305,5.264927029627933e-08
17,29,CD68,2.315526247024536,6.511537551879883,6.076271321943188e-08
17,30,FCHSD2,3.5068068504333496,6.494566440582275,6.46562198680969e-08
17,31,KIAA0226L,4.261716365814209,6.492166519165039,6.46562198680969e-08
17,32,CSF2RB,5.326974391937256,6.45890998840332,7.806980586847615e-08
17,33,FCER1G,4.786962509155273,6.45145320892334,7.952512787927828e-08
17,34,IDH3A,3.559981346130371,6.4450249671936035,8.052968047461119e-08
17,35,RUNX2,3.9361047744750977,6.4374823570251465,8.22154112857e-08
17,36,HIGD1A,2.292527198791504,6.367541313171387,1.26395540863376e-07
17,37,SPIB,1.7524317502975464,6.357941627502441,1.309139096282959e-07
17,38,LAMP5,8.154434204101562,6.3124284744262695,1.712405622436595e-07
17,39,NPC2,2.415416955947876,6.257144451141357,2.381599005722678e-07
17,40,GPR183,3.466550827026367,6.251316070556641,2.4104078478299607e-07
17,41,PTPRE,3.5021817684173584,6.238973140716553,2.5448460957227296e-07
17,42,CYBASC3,3.2112319469451904,6.223630905151367,2.7399102205311377e-07
17,43,PLAC8,2.035743474960327,6.211202621459961,2.8967024096463897e-07
17,44,CLEC4C,5.489762783050537,6.203145503997803,2.979728572213574e-07
17,45,TSPAN13,4.172754287719727,6.1710896492004395,3.5702498153547683e-07
17,46,AMICA1,3.496608257293701,6.1062912940979,5.25138123379752e-07
17,47,DPYSL2,2.906229019165039,6.047835826873779,7.399263158311274e-07
17,48,TNFRSF21,4.045783042907715,6.0244364738464355,8.375049395960959e-07
17,49,NCF1C,3.6881065368652344,5.984151840209961,1.0516008046563533e-06
17,50,GPX1,2.121792793273926,5.94120979309082,1.3404463432977151e-06
